Volume,URL,Term
583,https://www.supremecourt.gov/boundvolumes/583BV.pdf,2017
582,https://www.supremecourt.gov/boundvolumes/582BV.pdf,2016
581,https://www.supremecourt.gov/boundvolumes/581BV.pdf,2016
580,https://www.supremecourt.gov/boundvolumes/580BV.pdf,2016
579,https://www.supremecourt.gov/boundvolumes/579BV.pdf,2015
578,https://www.supremecourt.gov/boundvolumes/578BV.pdf,2015
577,https://www.supremecourt.gov/boundvolumes/577BV.pdf,2015
576,https://www.supremecourt.gov/boundvolumes/576BV.pdf,2014
575,https://www.supremecourt.gov/boundvolumes/575BV.pdf,2014
574,https://www.supremecourt.gov/boundvolumes/574BV.pdf,2014
573,https://www.supremecourt.gov/boundvolumes/573BV.pdf,2013
572,https://www.supremecourt.gov/boundvolumes/572BV.pdf,2013
571,https://www.supremecourt.gov/boundvolumes/571BV.pdf,2013
570,https://www.supremecourt.gov/boundvolumes/570bv.pdf,2012
569,https://www.supremecourt.gov/boundvolumes/569BV.pdf,2012
568,https://www.supremecourt.gov/boundvolumes/568BV.pdf,2012
567,https://www.supremecourt.gov/boundvolumes/567BV.pdf,2011
566,https://www.supremecourt.gov/boundvolumes/566BV.pdf,2011
565,https://www.supremecourt.gov/boundvolumes/565BV.pdf,2011
564,https://www.supremecourt.gov/boundvolumes/564BV.pdf,2010
563,https://www.supremecourt.gov/boundvolumes/563BV.pdf,2010
562,https://www.supremecourt.gov/boundvolumes/562BV.pdf,2010
561,https://www.supremecourt.gov/boundvolumes/561BV.pdf,2009
560,https://www.supremecourt.gov/boundvolumes/560bv.pdf,2009
559,https://www.supremecourt.gov/boundvolumes/559bv.pdf,2009
558,https://www.supremecourt.gov/boundvolumes/558bv.pdf,2009
557,https://www.supremecourt.gov/boundvolumes/557bv.pdf,2008
556,https://www.supremecourt.gov/boundvolumes/556bv.pdf,2008
555,https://www.supremecourt.gov/boundvolumes/555bv.pdf,2008
554,https://www.supremecourt.gov/boundvolumes/554bv.pdf,2007
553,https://www.supremecourt.gov/boundvolumes/553bv.pdf,2007
552,https://www.supremecourt.gov/boundvolumes/552bv.pdf,2007
551,https://www.supremecourt.gov/boundvolumes/551bv.pdf,2006
550,https://www.supremecourt.gov/boundvolumes/550bv.pdf,2006
549,https://www.supremecourt.gov/boundvolumes/549bv.pdf,2006
548,https://www.supremecourt.gov/boundvolumes/548bv.pdf,2005
547,https://www.supremecourt.gov/boundvolumes/547bv.pdf,2005
546,https://www.supremecourt.gov/boundvolumes/546bv.pdf,2005
545,https://www.supremecourt.gov/boundvolumes/545bv.pdf,2004
544,https://www.supremecourt.gov/boundvolumes/544bv.pdf,2004
543,https://www.supremecourt.gov/boundvolumes/543bv.pdf,2004
542,https://www.supremecourt.gov/boundvolumes/542bv.pdf,2003
541,https://www.supremecourt.gov/boundvolumes/541bv.pdf,2003
540,https://www.supremecourt.gov/boundvolumes/540bv.pdf,2003
539,https://www.supremecourt.gov/boundvolumes/539bv.pdf,2002
538,https://www.supremecourt.gov/boundvolumes/538bv.pdf,2002
537,https://www.supremecourt.gov/boundvolumes/537bv.pdf,2002
536,https://www.supremecourt.gov/boundvolumes/536bv.pdf,2001
535,https://www.supremecourt.gov/boundvolumes/535bv.pdf,2001
534,https://www.supremecourt.gov/boundvolumes/534bv.pdf,2001
533,https://www.supremecourt.gov/boundvolumes/533bv.pdf,2000
532,https://www.supremecourt.gov/boundvolumes/532bv.pdf,2000
531,https://www.supremecourt.gov/boundvolumes/531bv.pdf,2000
530,https://www.supremecourt.gov/boundvolumes/530bv.pdf,1999
529,https://www.supremecourt.gov/boundvolumes/529bv.pdf,1999
528,https://www.supremecourt.gov/boundvolumes/528bv.pdf,1999
527,https://www.supremecourt.gov/boundvolumes/527bv.pdf,1998
526,https://www.supremecourt.gov/boundvolumes/526bv.pdf,1998
525,https://www.supremecourt.gov/boundvolumes/525bv.pdf,1998
524,https://www.supremecourt.gov/boundvolumes/524bv.pdf,1997
523,https://www.supremecourt.gov/boundvolumes/523bv.pdf,1997
522,https://www.supremecourt.gov/boundvolumes/522bv.pdf,1997
521,https://www.supremecourt.gov/boundvolumes/521bv.pdf,1996
520,https://www.supremecourt.gov/boundvolumes/520bv.pdf,1996
519,https://www.supremecourt.gov/boundvolumes/519bv.pdf,1996
518,https://www.supremecourt.gov/boundvolumes/518bv.pdf,1995
517,https://www.supremecourt.gov/boundvolumes/517bv.pdf,1995
516,https://www.supremecourt.gov/boundvolumes/516bv.pdf,1995
515,https://www.supremecourt.gov/boundvolumes/515bv.pdf,1994
514,https://www.supremecourt.gov/boundvolumes/514bv.pdf,1994
513,https://www.supremecourt.gov/boundvolumes/513bv.pdf,1994
512,https://www.supremecourt.gov/boundvolumes/512bv.pdf,1993
511,https://www.supremecourt.gov/boundvolumes/511bv.pdf,1993
510,https://www.supremecourt.gov/boundvolumes/510bv.pdf,1993
509,https://www.supremecourt.gov/boundvolumes/509bv.pdf,1992
508,https://www.supremecourt.gov/boundvolumes/508bv.pdf,1992
507,https://www.supremecourt.gov/boundvolumes/507bv.pdf,1992
506,https://www.supremecourt.gov/boundvolumes/506bv.pdf,1992
505,https://www.supremecourt.gov/boundvolumes/505bv.pdf,1991
504,https://www.supremecourt.gov/boundvolumes/504bv.pdf,1991
503,https://www.supremecourt.gov/boundvolumes/503bv.pdf,1991
502,https://www.supremecourt.gov/boundvolumes/502bv.pdf,1991
